Workbook

Sheet Doctor Details
A1: Doctor ID | B1: Doctor Name | C1: Department | D1: Consultation Fee (Rs)
A2: DOC01 | B2: Dr. Ali | C2: Cardiology | D2: 1500
A3: DOC02 | B3: Dr. Sara | C3: Dermatology | D3: 1200
A4: DOC03 | B4: Dr. Nadia | C4: Orthopedics | D4: 1400
A5: DOC04 | B5: Dr. Kamran | C5: Neurology | D5: 1500
A6: DOC05 | B6: Dr. Farah | C6: Gynecology | D6: 1300
A7: DOC06 | B7: Dr. Zain | C7: ENT | D7: 1100
A8: DOC07 | B8: Dr. Hina | C8: Ophthalmology | D8: 1000
A9: DOC08 | B9: Dr. Usman | C9: Psychiatry | D9: 1200

Sheet Appointment Details
A1: Appointment ID | B1: Patient Name | C1: Doctor ID | D1: Appointment Date | E1: Appointment Time | F1: Arrival Time | G1: Delay (mins) | H1: Status
A2: A0001 | B2: Ali Khan | C2: DOC01 | D2: 46175 | E2: 0.41666667 | F2: 0.42013889 | G2: =F2-E2 -> 0.0034722222 | H2: =IF(F2="","Missed",IF(F2=E2,"On Time","Late")) -> Late
A3: A0002 | B3: Sara Ahmed | C3: DOC02 | D3: 46175 | E3: 0.4375 | F3: 0.4375 | G3: =F3-E3 -> 0 | H3: =IF(F3="","Missed",IF(F3=E3," On Time","Late")) -> On Time
A4: A0003 | B4: Usman Raza | C4: DOC03 | D4: 46175 | E4: 0.45833333 | F4: 0.46875 | G4: =F4-E4 -> 0.010416667 | H4: =IF(G4=" ","Missed",IF(F4=E4,"On Time","Late")) -> Late
A5: A0004 | B5: Ayesha Noor | C5: DOC04 | D5: 46175 | E5: 0.47916667 | F5: 0.48263889 | G5: =F5-E5 -> 0.0034722222 | H5: =IF(F5="","Missed",IF(F5=E5,"On Time","Late")) -> Late
A6: A0005 | B6: Hamza Ali | C6: DOC05 | D6: 46205 | E6: 0.41666667 | F6: 0.42361111 | G6: =F6-E6 -> 0.0069444444 | H6: =IF(F6="","Missed",IF(F6=E6," On Time","Late")) -> Late
A7: A0006 | B7: Hira Khan | C7: DOC06 | D7: 46205 | E7: 0.4375 | H7: =IF(G7="","Missed",IF(F7=E7,"On Time","Late")) -> Missed
A8: A0007 | B8: Bilal Ahmed | C8: DOC07 | D8: 46205 | E8: 0.45833333 | F8: 0.46180556 | G8: =F8-E8 -> 0.0034722222 | H8: =IF(F8="","Missed",IF(F8=E8,"On Time","Late")) -> Late
A9: A0008 | B9: Sana Iqbal | C9: DOC08 | D9: 46205 | E9: 0.47916667 | F9: 0.48611111 | G9: =F9-E9 -> 0.0069444444 | H9: =IF(F9="","Missed",IF(F9=E9," On Time","Late")) -> Late
A10: A0009 | B10: Farhan Malik | C10: DOC03 | D10: 46236 | E10: 0.41666667 | F10: 0.41666667 | G10: =F10-E10 -> 0 | H10: =IF(G10=" ","Missed",IF(F10=E10,"On Time","Late")) -> On Time
A11: A0010 | B11: Nadia Hussain | C11: DOC03 | D11: 46236 | E11: 0.4375 | F11: 0.4375 | G11: =F11-E11 -> 0 | H11: =IF(F11="","Missed",IF(F11=E11,"On Time","Late")) -> On Time

Sheet Billing
A1: Appointment ID | B1: Appointment Date | C1: Patient Name | D1: Doctor ID | E1: Doctor Fee | F1: Total Bill
A2: A0001 | B2: 46175 | C2: =VLOOKUP(A2,Table2[#ALL],2) -> Ali Khan | D2: DOC01 | E2: =VLOOKUP(D2,Table1[],4) -> 1500 | F2: =E2 -> 1500
A3: A0002 | B3: 46175 | C3: =VLOOKUP(A3,Table2[#ALL],2) -> Sara Ahmed | D3: DOC02 | E3: =VLOOKUP(D3,Table1[],4) -> 1200 | F3: =E3 -> 1200
A4: A0003 | B4: 46175 | C4: =VLOOKUP(A4,Table2[#ALL],2) -> Usman Raza | D4: DOC03 | E4: =VLOOKUP(D4,Table1[],4) -> 1400 | F4: =E4 -> 1400
A5: A0004 | B5: 46175 | C5: =VLOOKUP(A5,Table2[#ALL],2) -> Ayesha Noor | D5: DOC04 | E5: =VLOOKUP(D5,Table1[],4) -> 1500 | F5: =E5 -> 1500
A6: A0005 | B6: 46205 | C6: =VLOOKUP(A6,Table2[#ALL],2) -> Hamza Ali | D6: DOC05 | E6: =VLOOKUP(D6,Table1[],4) -> 1300 | F6: =E6 -> 1300
A7: A0006 | B7: 46205 | C7: =VLOOKUP(A7,Table2[#ALL],2) -> Hira Khan | D7: DOC06 | E7: =VLOOKUP(D7,Table1[],4) -> 1100
A8: A0007 | B8: 46205 | C8: =VLOOKUP(A8,Table2[#ALL],2) -> Bilal Ahmed | D8: DOC07 | E8: =VLOOKUP(D8,Table1[],4) -> 1000 | F8: =E8 -> 1000
A9: A0008 | B9: 46205 | C9: =VLOOKUP(A9,Table2[#ALL],2) -> Sana Iqbal | D9: DOC08 | E9: =VLOOKUP(D9,Table1[],4) -> 1200 | F9: =E9 -> 1200
A10: A0009 | B10: 46236 | C10: =VLOOKUP(A10,Table2[#ALL],2) -> Farhan Malik | D10: DOC03 | E10: =VLOOKUP(D10,Table1[],4) -> 1400 | F10: =E10 -> 1400
A11: A0010 | B11: 46236 | C11: =VLOOKUP(A11,Table2[#ALL],2) -> Nadia Hussain | D11: DOC03 | E11: =VLOOKUP(D11,Table1[],4) -> 1400 | F11: =E11 -> 1400

Sheet Daily Revenue
A1: Date | B1: Total Patients | C1: Total Revenue
A2: 46175 | B2: =COUNTIF(Table2[Appointment Date],Billing!B3) -> 4 | C2: =SUMIF(Table3[Appointment Date],A2,Table3[Total Bill]) -> 5600
A3: 46205 | B3: =COUNTIF(Table2[Appointment Date],Billing!B6) -> 4 | C3: =SUMIF(Table3[Appointment Date],A3,Table3[Total Bill]) -> 3500
A4: 46236 | B4: =COUNTIF(Table2[Appointment Date],Billing!B10) -> 2 | C4: =SUMIF(Table3[Appointment Date],A4,Table3[Total Bill]) -> 2800
D8: =VLOOKUP(Billing!A2,Table3[],3) -> Ali Khan

Sheet Sheet11
A1: Doctor Name | B1: Total Patients | C1: Total Revenue (Rs)
A2: =VLOOKUP(Billing!A2,Table3[],3) -> Ali Khan | B2: =COUNTIF(Table3[Doctor ID],Billing!D2) -> 1 | C2: =SUMIF(Table3[Doctor ID],Billing!D2,Table3[Total Bill]) -> 1500
A3: =VLOOKUP(Billing!A3,Table3[],3) -> Sara Ahmed | B3: =COUNTIF(Table3[Doctor ID],Billing!D3) -> 1 | C3: =SUMIF(Table3[Doctor ID],Billing!D3,Table3[Total Bill]) -> 1200
A4: =VLOOKUP(Billing!A4,Table3[],3) -> Usman Raza | B4: =COUNTIF(Table3[Doctor ID],Billing!D4) -> 3 | C4: =SUMIF(Table3[Doctor ID],Billing!D4,Table3[Total Bill]) -> 4200
A5: =VLOOKUP(Billing!A5,Table3[],3) -> Ayesha Noor | B5: =COUNTIF(Table3[Doctor ID],Billing!D5) -> 1 | C5: =SUMIF(Table3[Doctor ID],Billing!D5,Table3[Total Bill]) -> 1500
A6: =VLOOKUP(Billing!A6,Table3[],3) -> Hamza Ali | B6: =COUNTIF(Table3[Doctor ID],Billing!D6) -> 1 | C6: =SUMIF(Table3[Doctor ID],Billing!D6,Table3[Total Bill]) -> 1300
A7: =VLOOKUP(Billing!A7,Table3[],3) -> Hira Khan | B7: =COUNTIF(Table3[Doctor ID],Billing!D7) -> 1 | C7: =SUMIF(Table3[Doctor ID],Billing!D7,Table3[Total Bill]) -> 0
A8: =VLOOKUP(Billing!A8,Table3[],3) -> Bilal Ahmed | B8: =COUNTIF(Table3[Doctor ID],Billing!D8) -> 1 | C8: =SUMIF(Table3[Doctor ID],Billing!D8,Table3[Total Bill]) -> 1000
A9: =VLOOKUP(Billing!A9,Table3[],3) -> Sana Iqbal | B9: =COUNTIF(Table3[Doctor ID],Billing!D9) -> 1 | C9: =SUMIF(Table3[Doctor ID],Billing!D9,Table3[Total Bill]) -> 1200
